dia,pronostico
0,414.68132511509316
1,344.2238995410587
2,353.60451617289795
3,331.3896921724427
4,333.19437403770337
5,306.5350979212113
6,303.2979583577076
